候选编号,x,y,缩放比例,分数,评价,是否越界,面积占比,推荐理由/失败提示,结论
1,115,86,0.2,0.5111,可接受,否,0.0531,物体未越界；物体尺度较合理；水平位置较稳定；垂直位置较合理；模型评分中等,该候选位置基本可用，但仍存在一定不自然因素。
2,579,86,0.2,0.6945,可接受,否,0.0531,物体未越界；物体尺度较合理；水平位置较稳定；垂直位置较合理；模型评分中等,该候选位置基本可用，但仍存在一定不自然因素。
3,1044,86,0.2,0.5211,可接受,否,0.0531,物体未越界；物体尺度较合理；水平位置较稳定；垂直位置较合理；模型评分中等,该候选位置基本可用，但仍存在一定不自然因素。
4,115,398,0.2,0.7145,可接受,否,0.0531,物体未越界；物体尺度较合理；水平位置较稳定；垂直位置较合理；模型评分中等,该候选位置基本可用，但仍存在一定不自然因素。
5,579,398,0.2,0.8828,推荐,否,0.0531,物体未越界；物体尺度较合理；水平位置较稳定；垂直位置较合理；模型评分较高,该候选位置整体较自然，适合作为优先推荐结果。
6,1044,398,0.2,0.7082,可接受,否,0.0531,物体未越界；物体尺度较合理；水平位置较稳定；垂直位置较合理；模型评分中等,该候选位置基本可用，但仍存在一定不自然因素。
7,115,711,0.2,0.7112,可接受,否,0.0531,物体未越界；物体尺度较合理；水平位置较稳定；垂直位置较合理；模型评分中等,该候选位置基本可用，但仍存在一定不自然因素。
8,579,711,0.2,0.8876,推荐,否,0.0531,物体未越界；物体尺度较合理；水平位置较稳定；垂直位置较合理；模型评分较高,该候选位置整体较自然，适合作为优先推荐结果。
9,1044,711,0.2,0.7216,可接受,否,0.0531,物体未越界；物体尺度较合理；水平位置较稳定；垂直位置较合理；模型评分中等,该候选位置基本可用，但仍存在一定不自然因素。
